{"schemaVersion":"1.0","appDefinitionTemplate":{"id":"/providers/Microsoft.PowerApps/apps/","type":"Microsoft.PowerApps/apps","tags":{"sp-site-id":"https://mohetn.sharepoint.com/sites/stagetechnicien","sp-list-id":"eeb0818f-56ab-4225-8198-f1c32ff90bcd","https://mohetn.sharepoint.com/sites/stagetechnicien":"eeb0818f-56ab-4225-8198-f1c32ff90bcd","primaryDeviceWidth":"640","primaryDeviceHeight":"1136","sienaVersion":"20210908T162928Z-3.21084.20.0","deviceCapabilities":"","supportsPortrait":"true","supportsLandscape":"true","primaryFormFactor":"Phone","publisherVersion":"3.21084.20","minimumRequiredApiVersion":"2.2.0","hasComponent":"false","hasUnlockedComponent":"false","isUnifiedRootApp":"false"},"properties":{"appVersion":"2021-09-08T16:29:28Z","lifeCycleId":"Published","createdByClientVersion":{"major":3,"minor":21084,"build":20,"revision":0,"majorRevision":0,"minorRevision":0},"minClientVersion":{"major":3,"minor":21084,"build":20,"revision":0,"majorRevision":0,"minorRevision":0},"backgroundColor":"rgba(0, 176, 240, 1)","backgroundImageUri":"/8153305052650665561/Nba871886-5082-402f-a69f-58b02eb187bc-logoSmallFile","displayName":"Project tracker","description":"","commitMessage":"","appUris":{"documentUri":{"value":"/8153305052650665561/Ncc998e55-b97d-491f-989c-75dc37eb9129-document.msapp"},"imageUris":[]},"createdTime":"0001-01-01T00:00:00Z","lastModifiedTime":"0001-01-01T00:00:00Z","sharedGroupsCount":0,"sharedUsersCount":0,"icons":{"smallIconUri":"/8153305052650665561/Nd7e7f44a-bf27-4d64-bd1b-b3182860b5f0-small.png","mediumIconUri":"/8153305052650665561/Nbf3160d3-f564-438e-93fb-be53a8f5eb96-medium.png","largeIconUri":"/8153305052650665561/N3e1911d1-80e7-40d0-96bc-8b9049546e16-large.png","wideIconUri":"/8153305052650665561/Nb5158dd6-9c4d-4782-b961-c17a60ff02af-wide.png"},"connectionReferences":{"6f1a6ab4-3287-42c2-9f84-2c00f64b6543":{"id":"91407a4f-2fed-4c21-bbd8-3ca130bd27cd","displayName":"SharePoint","iconUri":"https://connectoricons-prod.azureedge.net/releases/v1.0.1487/1.0.1487.2472/sharepointonline/icon.png","dataSources":["Mentor the project","Project_1","HR_1","Employees"],"dependencies":[],"dependents":[],"parameterHints":{},"parameterHintsV2":{},"isOnPremiseConnection":false,"dataSets":{"https://mohetn.sharepoint.com/sites/stagetechnicien":{"dataSources":{"Mentor the project":{"tableName":"eeb0818f-56ab-4225-8198-f1c32ff90bcd"},"Project_1":{"tableName":"cc224327-b416-42a3-9f12-1b5387fc8842"},"HR_1":{"tableName":"f85b8e03-c3d8-48a4-aff3-5a09a49c7c7f"},"Employees":{"tableName":"25831772-271d-4350-85e1-7ba7e5883492"}}}},"apiTier":"Standard","isCustomApiConnection":false,"actions":["providers/PowerPlatform.Governance/Operations/Read","providers/PowerPlatform.Governance/Operations/Write","providers/PowerPlatform.Governance/Operations/Delete"]}},"databaseReferences":{},"almMode":"Environment","performanceOptimizationEnabled":true,"canConsumeAppPass":true,"executionRestrictions":{"isTeamsOnly":false,"dataLossPreventionEvaluationResult":{"status":"Compliant","lastEvaluationDate":"2021-09-08T16:29:43.7596248Z","violations":[],"violationsByPolicy":[],"violationErrorMessage":"L’application utilise les connecteurs suivants : shared_sharepointonline."}}},"appType":"ClassicCanvasApp","appComponents":[]}}